task_id,project_id,milestone_id,assigned_to,task_level_id,task_status,planned_hours,percent_complete,created_date,due_date,completion_date
1,8,24,26,3,Completed,64,100,2025-10-05,2026-01-06,2025-11-26
2,3,8,37,3,Open,65,0,2025-05-16,2025-09-12,
3,4,11,14,2,Completed,29,100,2025-08-15,2025-11-13,2025-10-28
4,1,1,33,1,Completed,12,100,2025-11-13,2026-02-23,2026-02-01
5,3,7,25,1,Completed,13,100,2025-05-16,2025-09-12,2025-06-13
6,8,22,1,2,In Progress,22,50,2025-10-04,2026-01-06,
7,4,12,7,2,Completed,26,100,2025-08-09,2025-11-13,2025-10-08
8,4,10,35,1,Completed,11,100,2025-08-06,2025-11-13,2025-08-23
9,9,26,38,3,Open,64,0,2025-04-18,2025-07-29,
10,7,19,48,1,In Progress,12,75,2025-05-26,2025-09-12,
11,1,2,39,1,Completed,9,100,2025-11-05,2026-02-23,2026-01-13
12,10,28,23,3,Completed,60,100,2025-05-29,2025-08-30,2025-06-21
13,1,2,9,2,Open,28,0,2025-11-18,2026-02-23,
14,2,5,4,2,Completed,22,100,2025-11-10,2026-03-05,2025-12-13
15,5,15,9,2,Completed,29,100,2025-08-04,2025-11-12,2025-10-08
16,5,15,26,2,In Progress,27,48,2025-08-06,2025-11-12,
17,5,14,30,1,Completed,9,100,2025-07-23,2025-11-12,2025-09-03
18,5,13,47,2,Open,29,0,2025-08-10,2025-11-12,
19,7,20,48,1,Completed,7,100,2025-05-22,2025-09-12,2025-06-20
20,6,17,3,2,Completed,23,100,2025-11-24,2026-03-22,2025-12-21
21,3,9,5,2,Completed,27,100,2025-05-19,2025-09-12,2025-06-19
22,10,30,13,3,In Progress,59,37,2025-06-01,2025-08-30,
23,9,25,15,3,Completed,58,100,2025-04-07,2025-07-29,2025-05-15
24,3,7,26,2,Delayed,25,54,2025-05-21,2025-09-12,
25,9,26,37,2,Open,23,0,2025-04-20,2025-07-29,
26,7,19,42,3,Delayed,61,40,2025-05-30,2025-09-12,
27,4,12,9,3,Completed,58,100,2025-08-11,2025-11-13,2025-08-22
28,5,13,15,2,In Progress,25,86,2025-07-25,2025-11-12,
29,5,13,2,2,In Progress,23,43,2025-08-14,2025-11-12,
30,5,15,10,2,Open,23,0,2025-07-24,2025-11-12,
31,8,24,28,2,Completed,25,100,2025-09-09,2026-01-06,2025-11-23
32,9,26,6,3,Completed,62,100,2025-04-06,2025-07-29,2025-04-18
33,6,17,19,3,Delayed,59,38,2025-12-19,2026-03-22,
34,2,4,33,3,In Progress,62,79,2025-11-25,2026-03-05,
35,1,2,26,2,Completed,24,100,2025-11-14,2026-02-23,2025-12-17
36,9,27,36,3,In Progress,58,30,2025-04-25,2025-07-29,
37,7,19,43,2,Completed,22,100,2025-06-12,2025-09-12,2025-07-01
38,4,10,41,1,Completed,8,100,2025-07-29,2025-11-13,2025-08-13
39,2,5,49,2,Delayed,25,48,2025-11-23,2026-03-05,
40,10,30,23,3,Open,65,0,2025-05-04,2025-08-30,
41,1,3,19,1,In Progress,10,22,2025-11-11,2026-02-23,
42,4,11,1,1,Delayed,13,54,2025-07-31,2025-11-13,
43,2,6,12,2,In Progress,27,24,2025-11-12,2026-03-05,
44,2,6,11,1,Completed,9,100,2025-12-05,2026-03-05,2025-12-28
45,7,21,36,3,In Progress,60,53,2025-06-13,2025-09-12,
46,7,21,13,2,In Progress,24,28,2025-05-22,2025-09-12,
47,7,20,31,1,In Progress,7,41,2025-05-24,2025-09-12,
48,3,7,3,1,In Progress,8,31,2025-05-16,2025-09-12,
49,2,5,32,1,Completed,13,100,2025-11-23,2026-03-05,2025-12-14
50,5,14,42,2,Open,28,0,2025-07-28,2025-11-12,
51,8,22,23,3,Open,62,0,2025-10-03,2026-01-06,
52,2,4,2,2,Completed,25,100,2025-11-15,2026-03-05,2025-12-30
53,3,7,20,1,Completed,10,100,2025-06-07,2025-09-12,2025-08-10
54,1,1,28,2,Completed,27,100,2025-11-21,2026-02-23,2026-01-21
55,7,20,38,3,Open,58,0,2025-06-09,2025-09-12,
56,5,13,30,2,Completed,28,100,2025-07-27,2025-11-12,2025-09-01
57,7,20,28,1,Completed,6,100,2025-05-17,2025-09-12,2025-06-15
58,9,25,27,2,Completed,28,100,2025-04-23,2025-07-29,2025-05-17
59,8,22,28,1,Open,11,0,2025-09-15,2026-01-06,
60,5,13,29,1,Completed,11,100,2025-07-17,2025-11-12,2025-09-22
61,6,16,20,1,Open,11,0,2025-11-28,2026-03-22,
62,10,30,19,2,In Progress,29,62,2025-05-31,2025-08-30,
63,1,2,2,3,Completed,65,100,2025-11-06,2026-02-23,2026-01-01
64,7,21,2,2,Delayed,29,30,2025-05-23,2025-09-12,
65,7,20,37,2,Completed,27,100,2025-05-30,2025-09-12,2025-06-22
66,2,5,34,2,Completed,28,100,2025-11-18,2026-03-05,2026-01-24
67,3,7,47,1,Open,11,0,2025-05-15,2025-09-12,
68,4,10,37,3,In Progress,65,70,2025-07-23,2025-11-13,
69,10,28,3,3,Completed,58,100,2025-05-05,2025-08-30,2025-07-02
70,6,16,32,2,Completed,22,100,2025-12-14,2026-03-22,2026-02-24
71,8,24,21,3,Completed,61,100,2025-09-17,2026-01-06,2025-10-28
72,5,14,2,2,Completed,29,100,2025-07-27,2025-11-12,2025-08-17
73,6,16,28,2,In Progress,22,43,2025-12-09,2026-03-22,
74,4,10,3,3,Completed,64,100,2025-08-11,2025-11-13,2025-08-27
75,4,12,25,1,Delayed,10,68,2025-08-14,2025-11-13,
76,6,18,24,1,Completed,8,100,2025-12-17,2026-03-22,2026-02-26
77,2,4,37,2,Completed,29,100,2025-11-23,2026-03-05,2025-12-29
78,2,4,34,3,Completed,62,100,2025-11-21,2026-03-05,2026-01-24
79,2,4,3,1,Completed,10,100,2025-11-28,2026-03-05,2026-01-04
80,10,28,19,2,Completed,27,100,2025-05-09,2025-08-30,2025-05-27
81,8,23,49,2,Completed,22,100,2025-09-11,2026-01-06,2025-10-05
82,2,4,45,2,Open,24,0,2025-11-19,2026-03-05,
83,2,6,34,2,Completed,22,100,2025-11-06,2026-03-05,2025-12-03
84,5,15,30,2,In Progress,25,49,2025-08-01,2025-11-12,
85,4,10,17,2,In Progress,25,45,2025-07-18,2025-11-13,
86,3,8,4,2,Completed,24,100,2025-05-24,2025-09-12,2025-08-04
87,10,29,45,2,Completed,28,100,2025-05-30,2025-08-30,2025-08-02
88,3,7,36,3,Completed,61,100,2025-05-20,2025-09-12,2025-07-20
89,4,12,34,3,Open,58,0,2025-07-25,2025-11-13,
90,4,11,49,1,Open,7,0,2025-07-20,2025-11-13,
91,1,1,31,3,Completed,59,100,2025-11-14,2026-02-23,2025-12-16
92,5,15,25,1,Completed,8,100,2025-08-10,2025-11-12,2025-09-10
93,7,21,48,1,Completed,13,100,2025-05-17,2025-09-12,2025-05-30
94,2,6,50,1,Completed,10,100,2025-11-15,2026-03-05,2025-12-01
95,1,3,15,3,Completed,58,100,2025-10-28,2026-02-23,2025-12-24
96,10,29,30,2,In Progress,23,57,2025-05-27,2025-08-30,
97,1,3,14,2,In Progress,29,46,2025-11-20,2026-02-23,
98,7,21,38,3,Completed,63,100,2025-06-05,2025-09-12,2025-08-04
99,9,25,3,2,Completed,28,100,2025-04-30,2025-07-29,2025-06-26
100,3,8,9,3,Completed,61,100,2025-06-10,2025-09-12,2025-07-10
101,5,15,12,2,Open,22,0,2025-08-09,2025-11-12,
102,9,27,21,1,In Progress,10,18,2025-04-19,2025-07-29,
103,8,22,11,1,Completed,6,100,2025-09-28,2026-01-06,2025-12-08
104,1,2,10,1,Completed,11,100,2025-11-18,2026-02-23,2026-02-06
105,9,25,34,2,Completed,29,100,2025-04-21,2025-07-29,2025-06-21
106,8,24,20,2,In Progress,23,89,2025-09-26,2026-01-06,
107,8,23,1,3,Delayed,60,74,2025-09-25,2026-01-06,
108,7,19,27,2,In Progress,27,83,2025-05-27,2025-09-12,
109,2,6,34,2,In Progress,23,29,2025-11-24,2026-03-05,
110,7,19,12,3,Completed,61,100,2025-06-11,2025-09-12,2025-07-16
111,1,3,37,3,In Progress,59,86,2025-11-14,2026-02-23,
112,6,16,7,1,In Progress,9,63,2025-12-09,2026-03-22,
113,8,24,24,1,Open,12,0,2025-09-29,2026-01-06,
114,7,20,10,1,Completed,11,100,2025-05-28,2025-09-12,2025-08-14
115,2,4,34,2,Completed,24,100,2025-12-04,2026-03-05,2026-02-19
116,8,23,7,3,In Progress,59,61,2025-10-03,2026-01-06,
117,8,24,8,1,Open,13,0,2025-09-26,2026-01-06,
118,5,15,18,2,In Progress,26,15,2025-08-10,2025-11-12,
119,9,26,18,3,Open,61,0,2025-04-10,2025-07-29,
120,1,3,3,2,Completed,28,100,2025-11-13,2026-02-23,2025-12-10
121,3,8,1,3,In Progress,61,40,2025-05-21,2025-09-12,
122,2,4,44,1,Open,8,0,2025-12-04,2026-03-05,
123,2,5,48,3,In Progress,62,30,2025-11-12,2026-03-05,
124,1,1,39,3,Delayed,63,35,2025-11-10,2026-02-23,
125,1,2,16,3,In Progress,61,61,2025-11-23,2026-02-23,
126,4,11,19,3,Completed,60,100,2025-08-04,2025-11-13,2025-10-12
127,2,4,24,1,Completed,8,100,2025-11-15,2026-03-05,2025-12-17
128,1,3,34,3,Completed,59,100,2025-11-05,2026-02-23,2025-12-19
129,4,10,11,1,Completed,7,100,2025-07-20,2025-11-13,2025-08-20
130,4,11,32,1,Completed,13,100,2025-07-18,2025-11-13,2025-10-05
131,6,17,28,2,In Progress,28,47,2025-12-14,2026-03-22,
132,6,16,9,3,Completed,62,100,2025-12-20,2026-03-22,2026-02-05
133,7,21,16,2,In Progress,23,11,2025-05-15,2025-09-12,
134,10,29,26,2,In Progress,24,80,2025-05-05,2025-08-30,
135,10,29,11,3,In Progress,59,37,2025-05-27,2025-08-30,
136,7,19,18,2,In Progress,27,89,2025-05-30,2025-09-12,
137,3,9,34,3,Completed,65,100,2025-06-10,2025-09-12,2025-08-15
138,7,21,38,2,Open,25,0,2025-05-18,2025-09-12,
139,3,7,6,2,Completed,23,100,2025-06-14,2025-09-12,2025-07-26
140,9,26,29,1,In Progress,9,61,2025-04-06,2025-07-29,
141,3,9,28,2,Completed,24,100,2025-06-10,2025-09-12,2025-07-27
142,2,4,25,1,In Progress,10,53,2025-11-17,2026-03-05,
143,10,29,43,1,In Progress,9,61,2025-05-17,2025-08-30,
144,2,5,18,3,Completed,60,100,2025-11-18,2026-03-05,2025-12-04
145,5,15,1,3,Completed,64,100,2025-07-23,2025-11-12,2025-09-03
146,7,21,33,2,Completed,28,100,2025-05-19,2025-09-12,2025-08-07
147,10,29,18,2,Completed,24,100,2025-05-27,2025-08-30,2025-07-31
148,4,12,47,1,Delayed,11,61,2025-07-29,2025-11-13,
149,5,15,10,1,In Progress,12,69,2025-08-06,2025-11-12,
150,4,12,17,3,Open,61,0,2025-08-01,2025-11-13,
151,9,26,22,3,Completed,64,100,2025-04-06,2025-07-29,2025-04-20
152,7,20,25,2,Completed,29,100,2025-06-13,2025-09-12,2025-06-28
153,6,16,16,3,Completed,62,100,2025-12-20,2026-03-22,2026-01-18
154,5,14,9,3,In Progress,64,36,2025-07-25,2025-11-12,
155,2,6,18,2,Completed,26,100,2025-11-10,2026-03-05,2025-12-08
156,5,14,50,1,Completed,8,100,2025-08-04,2025-11-12,2025-09-30
157,6,18,3,1,In Progress,7,90,2025-12-14,2026-03-22,
158,4,10,31,2,Completed,25,100,2025-08-06,2025-11-13,2025-09-09
159,1,1,20,1,Open,13,0,2025-11-10,2026-02-23,
160,6,18,1,3,Open,58,0,2025-11-26,2026-03-22,
161,3,7,7,1,Completed,7,100,2025-05-19,2025-09-12,2025-06-26
162,4,12,40,1,Completed,9,100,2025-08-07,2025-11-13,2025-08-18
163,3,9,37,3,Completed,65,100,2025-05-29,2025-09-12,2025-06-21
164,6,18,17,2,Completed,27,100,2025-12-01,2026-03-22,2026-01-14
165,10,30,24,2,Completed,28,100,2025-05-18,2025-08-30,2025-06-07
166,9,25,20,2,In Progress,29,54,2025-04-11,2025-07-29,
167,5,13,1,1,In Progress,6,17,2025-07-29,2025-11-12,
168,2,6,26,3,In Progress,61,24,2025-12-03,2026-03-05,
169,8,23,10,1,Completed,13,100,2025-10-05,2026-01-06,2025-10-22
170,7,19,25,2,Completed,29,100,2025-05-26,2025-09-12,2025-06-06
171,10,30,1,3,Open,65,0,2025-05-26,2025-08-30,
172,5,13,50,2,In Progress,25,87,2025-08-14,2025-11-12,
173,9,27,45,1,Open,11,0,2025-04-26,2025-07-29,
174,1,3,25,2,Completed,24,100,2025-10-26,2026-02-23,2026-01-11
175,3,9,38,3,In Progress,62,18,2025-06-04,2025-09-12,
176,10,30,40,3,Completed,61,100,2025-05-27,2025-08-30,2025-07-05
177,7,19,20,2,Completed,29,100,2025-06-03,2025-09-12,2025-08-05
178,1,1,33,2,Completed,29,100,2025-11-20,2026-02-23,2026-02-06
179,7,19,5,2,Completed,25,100,2025-06-01,2025-09-12,2025-06-21
180,6,18,50,2,Completed,26,100,2025-12-11,2026-03-22,2026-02-28
181,7,19,3,3,Completed,63,100,2025-05-29,2025-09-12,2025-07-01
182,1,1,15,2,Completed,22,100,2025-11-23,2026-02-23,2026-01-01
183,4,12,42,3,Open,59,0,2025-08-03,2025-11-13,
184,3,8,36,2,In Progress,24,29,2025-05-30,2025-09-12,
185,6,16,12,2,Completed,23,100,2025-12-13,2026-03-22,2026-02-26
186,4,12,41,1,Completed,12,100,2025-08-01,2025-11-13,2025-10-05
187,3,8,31,3,Delayed,63,41,2025-06-05,2025-09-12,
188,7,19,13,3,Completed,62,100,2025-05-31,2025-09-12,2025-07-04
189,10,28,19,1,In Progress,11,18,2025-05-14,2025-08-30,
190,6,16,42,3,Completed,59,100,2025-12-04,2026-03-22,2026-02-21
191,10,28,48,3,Completed,63,100,2025-05-18,2025-08-30,2025-06-10
192,1,3,12,2,In Progress,28,36,2025-10-26,2026-02-23,
193,4,12,1,2,Completed,28,100,2025-07-22,2025-11-13,2025-09-07
194,2,4,26,3,Completed,58,100,2025-12-03,2026-03-05,2026-02-05
195,8,23,5,2,Completed,28,100,2025-09-25,2026-01-06,2025-12-08
196,5,14,21,1,Completed,8,100,2025-08-13,2025-11-12,2025-10-03
197,6,16,12,2,In Progress,25,61,2025-12-01,2026-03-22,
198,9,25,28,2,In Progress,23,72,2025-04-14,2025-07-29,
199,6,18,20,1,Completed,11,100,2025-12-05,2026-03-22,2026-01-07
200,3,7,6,2,Completed,29,100,2025-05-19,2025-09-12,2025-06-01
201,3,8,3,3,Completed,64,100,2025-05-23,2025-09-12,2025-08-08
202,6,17,1,2,Completed,28,100,2025-11-29,2026-03-22,2026-01-23
203,6,17,7,3,In Progress,60,83,2025-11-28,2026-03-22,
204,7,21,1,3,In Progress,59,81,2025-06-04,2025-09-12,
205,7,21,27,2,Completed,25,100,2025-05-31,2025-09-12,2025-07-12
206,1,3,28,1,Completed,6,100,2025-11-25,2026-02-23,2026-01-13
207,7,21,33,1,Completed,6,100,2025-06-02,2025-09-12,2025-06-15
208,9,25,38,3,In Progress,59,26,2025-04-20,2025-07-29,
209,7,20,3,1,Completed,6,100,2025-06-11,2025-09-12,2025-07-02
210,2,5,16,2,Delayed,28,70,2025-11-29,2026-03-05,
211,1,3,19,2,In Progress,27,33,2025-11-08,2026-02-23,
212,6,18,44,2,Completed,27,100,2025-11-30,2026-03-22,2026-01-16
213,1,2,9,3,Completed,59,100,2025-11-08,2026-02-23,2025-12-21
214,6,17,3,3,In Progress,64,39,2025-12-08,2026-03-22,
215,10,29,37,3,Open,58,0,2025-05-20,2025-08-30,
216,9,25,33,1,Completed,8,100,2025-04-18,2025-07-29,2025-05-25
217,2,6,39,2,Completed,25,100,2025-11-05,2026-03-05,2025-12-22
218,3,9,50,2,Open,28,0,2025-05-20,2025-09-12,
219,7,20,29,1,Completed,10,100,2025-06-02,2025-09-12,2025-06-17
220,8,23,38,2,Completed,26,100,2025-09-28,2026-01-06,2025-12-12
221,6,16,4,2,Completed,24,100,2025-11-28,2026-03-22,2026-01-22
222,9,25,22,3,Completed,63,100,2025-04-29,2025-07-29,2025-06-06
223,8,24,21,2,Completed,24,100,2025-09-27,2026-01-06,2025-11-01
224,8,23,12,3,Completed,62,100,2025-10-03,2026-01-06,2025-11-28
225,2,5,9,2,In Progress,28,70,2025-11-06,2026-03-05,
226,7,21,4,2,Delayed,24,42,2025-06-12,2025-09-12,
227,3,9,29,2,Open,22,0,2025-05-21,2025-09-12,
228,3,7,4,1,Completed,10,100,2025-06-03,2025-09-12,2025-06-21
229,6,18,41,2,Open,24,0,2025-12-02,2026-03-22,
230,3,9,48,1,Completed,13,100,2025-05-15,2025-09-12,2025-06-12
231,6,17,28,2,Open,23,0,2025-12-14,2026-03-22,
232,10,29,49,1,Completed,7,100,2025-05-19,2025-08-30,2025-06-06
233,10,30,13,2,In Progress,23,37,2025-05-21,2025-08-30,
234,9,25,30,2,Completed,23,100,2025-04-26,2025-07-29,2025-06-24
235,9,27,24,2,In Progress,26,17,2025-04-10,2025-07-29,
236,8,23,14,3,Completed,65,100,2025-09-16,2026-01-06,2025-11-28
237,9,27,27,3,Completed,63,100,2025-04-16,2025-07-29,2025-05-01
238,6,18,37,2,Open,25,0,2025-12-06,2026-03-22,
239,8,24,39,1,Open,12,0,2025-09-18,2026-01-06,
240,7,21,37,2,Completed,23,100,2025-05-29,2025-09-12,2025-07-20
241,9,26,5,2,Completed,27,100,2025-04-22,2025-07-29,2025-07-03
242,4,10,29,2,Completed,29,100,2025-07-17,2025-11-13,2025-08-25
243,7,20,22,2,Completed,22,100,2025-06-13,2025-09-12,2025-07-01
244,7,19,29,1,Open,12,0,2025-05-21,2025-09-12,
245,7,21,37,2,Completed,29,100,2025-06-06,2025-09-12,2025-07-21
246,4,11,5,2,In Progress,27,14,2025-08-02,2025-11-13,
247,4,12,48,1,Completed,7,100,2025-08-02,2025-11-13,2025-10-19
248,6,18,14,2,Completed,29,100,2025-12-04,2026-03-22,2025-12-18
249,5,13,3,3,Completed,59,100,2025-08-06,2025-11-12,2025-10-15
250,7,20,22,2,Open,29,0,2025-06-08,2025-09-12,
251,9,27,47,2,In Progress,22,69,2025-04-27,2025-07-29,
252,9,25,32,2,In Progress,22,42,2025-04-17,2025-07-29,
253,4,11,27,3,Completed,63,100,2025-08-09,2025-11-13,2025-09-28
254,8,22,18,3,Completed,61,100,2025-10-04,2026-01-06,2025-10-27
255,7,19,28,2,Completed,27,100,2025-05-17,2025-09-12,2025-07-06
256,2,4,22,2,Completed,23,100,2025-12-05,2026-03-05,2026-01-30
257,9,26,15,2,Delayed,22,51,2025-04-12,2025-07-29,
258,9,27,43,2,Completed,22,100,2025-04-28,2025-07-29,2025-05-29
259,8,22,11,1,Completed,6,100,2025-09-10,2026-01-06,2025-11-12
260,6,16,46,2,Completed,28,100,2025-12-19,2026-03-22,2026-01-29
261,9,26,45,1,Completed,7,100,2025-04-04,2025-07-29,2025-05-07
262,3,7,23,3,Completed,62,100,2025-06-06,2025-09-12,2025-07-15
263,9,26,6,3,Completed,64,100,2025-04-20,2025-07-29,2025-05-17
264,7,20,33,3,Delayed,65,77,2025-06-01,2025-09-12,
265,2,6,25,1,Completed,11,100,2025-11-30,2026-03-05,2026-02-01
266,4,10,24,1,Completed,11,100,2025-08-02,2025-11-13,2025-08-15
267,6,16,38,2,Completed,27,100,2025-12-09,2026-03-22,2026-02-17
268,1,1,37,2,In Progress,29,13,2025-11-03,2026-02-23,
269,6,16,4,2,In Progress,29,16,2025-12-21,2026-03-22,
270,5,15,39,2,Completed,23,100,2025-07-17,2025-11-12,2025-08-27
271,5,13,23,2,Completed,27,100,2025-08-06,2025-11-12,2025-09-29
272,1,1,25,1,Open,12,0,2025-11-14,2026-02-23,
273,7,19,35,2,Open,27,0,2025-06-12,2025-09-12,
274,2,4,13,3,In Progress,63,85,2025-11-27,2026-03-05,
275,1,2,36,3,Delayed,62,88,2025-11-24,2026-02-23,
276,1,1,23,2,Completed,25,100,2025-11-10,2026-02-23,2026-01-05
277,5,14,14,3,Completed,64,100,2025-08-12,2025-11-12,2025-09-27
278,9,25,1,1,Completed,13,100,2025-04-25,2025-07-29,2025-05-31
279,8,23,34,3,Open,60,0,2025-09-18,2026-01-06,
280,2,5,25,1,Completed,11,100,2025-11-08,2026-03-05,2025-12-24
281,2,6,3,1,Completed,6,100,2025-11-23,2026-03-05,2025-12-27
282,4,12,35,2,Completed,28,100,2025-08-12,2025-11-13,2025-08-28
283,6,18,37,2,Completed,27,100,2025-12-15,2026-03-22,2026-01-25
284,9,26,31,2,Completed,28,100,2025-04-16,2025-07-29,2025-05-17
285,5,13,43,3,In Progress,58,12,2025-07-18,2025-11-12,
286,1,1,41,2,In Progress,25,65,2025-11-17,2026-02-23,
287,9,26,27,3,In Progress,60,65,2025-04-26,2025-07-29,
288,10,28,42,3,In Progress,58,59,2025-05-25,2025-08-30,
289,10,28,1,2,Delayed,25,71,2025-05-14,2025-08-30,
290,1,1,36,3,In Progress,60,32,2025-11-18,2026-02-23,
291,5,15,12,2,Open,28,0,2025-07-21,2025-11-12,
292,3,9,45,1,Completed,7,100,2025-05-26,2025-09-12,2025-06-23
293,9,25,18,2,In Progress,28,33,2025-03-31,2025-07-29,
294,6,16,35,1,Completed,7,100,2025-11-29,2026-03-22,2026-02-16
295,6,16,29,2,Completed,23,100,2025-12-09,2026-03-22,2026-02-09
296,5,13,16,3,In Progress,65,22,2025-08-13,2025-11-12,
297,10,28,16,3,Open,59,0,2025-05-25,2025-08-30,
298,5,15,32,1,Completed,11,100,2025-07-28,2025-11-12,2025-09-04
299,2,6,10,2,In Progress,25,76,2025-11-10,2026-03-05,
300,4,11,23,2,In Progress,24,64,2025-08-06,2025-11-13,
301,2,5,15,3,In Progress,63,84,2025-11-22,2026-03-05,
302,9,25,35,1,In Progress,6,85,2025-03-31,2025-07-29,
303,10,30,5,2,In Progress,26,80,2025-05-11,2025-08-30,
304,9,27,25,1,Open,7,0,2025-04-09,2025-07-29,
305,9,25,30,1,In Progress,12,20,2025-04-26,2025-07-29,
306,2,4,5,2,Completed,24,100,2025-11-06,2026-03-05,2025-11-21
307,3,9,38,3,Completed,61,100,2025-05-24,2025-09-12,2025-08-11
308,5,15,12,3,Open,58,0,2025-08-06,2025-11-12,
309,5,13,34,2,Completed,23,100,2025-07-15,2025-11-12,2025-09-02
310,2,5,50,2,Completed,26,100,2025-11-12,2026-03-05,2025-12-30
311,3,7,29,2,In Progress,29,16,2025-05-27,2025-09-12,
312,9,27,48,1,In Progress,12,74,2025-04-14,2025-07-29,
313,9,27,12,3,Completed,58,100,2025-04-01,2025-07-29,2025-06-08
314,6,18,7,1,Completed,11,100,2025-11-28,2026-03-22,2026-02-15
315,2,4,14,3,In Progress,60,77,2025-11-27,2026-03-05,
316,7,21,16,3,Completed,61,100,2025-06-12,2025-09-12,2025-08-24
317,4,12,42,2,Completed,27,100,2025-07-18,2025-11-13,2025-08-05
318,10,28,16,3,Completed,65,100,2025-05-17,2025-08-30,2025-08-02
319,1,3,27,3,Open,58,0,2025-11-15,2026-02-23,
320,8,24,6,3,Open,65,0,2025-10-06,2026-01-06,
321,2,4,46,2,Completed,24,100,2025-11-29,2026-03-05,2026-02-13
322,7,21,7,1,Completed,10,100,2025-06-10,2025-09-12,2025-08-01
323,2,4,35,2,Completed,26,100,2025-11-10,2026-03-05,2025-11-22
324,5,13,11,1,Completed,11,100,2025-07-21,2025-11-12,2025-08-20
325,5,14,9,3,Open,60,0,2025-08-14,2025-11-12,
326,9,27,24,2,Completed,22,100,2025-04-16,2025-07-29,2025-06-14
327,7,19,23,3,Completed,62,100,2025-05-25,2025-09-12,2025-06-24
328,9,25,2,3,Open,65,0,2025-04-22,2025-07-29,
329,1,3,21,3,Open,65,0,2025-11-05,2026-02-23,
330,6,16,44,1,In Progress,7,17,2025-11-23,2026-03-22,
331,7,20,3,2,Completed,28,100,2025-06-01,2025-09-12,2025-08-15
332,6,16,50,2,Delayed,23,36,2025-12-09,2026-03-22,
333,7,21,41,1,Completed,12,100,2025-05-27,2025-09-12,2025-06-20
334,4,10,21,1,Completed,7,100,2025-07-24,2025-11-13,2025-10-05
335,9,25,33,1,In Progress,7,83,2025-04-21,2025-07-29,
336,2,4,30,2,Completed,26,100,2025-11-16,2026-03-05,2026-01-23
337,9,25,46,3,Completed,64,100,2025-04-29,2025-07-29,2025-06-19
338,6,18,37,3,Completed,60,100,2025-11-26,2026-03-22,2025-12-13
339,3,8,16,2,Open,25,0,2025-06-03,2025-09-12,
340,1,3,3,2,Completed,26,100,2025-11-17,2026-02-23,2025-12-26
341,2,6,48,2,Completed,28,100,2025-11-15,2026-03-05,2025-12-03
342,6,17,13,3,Completed,63,100,2025-12-22,2026-03-22,2026-02-21
343,10,30,21,3,In Progress,58,44,2025-05-26,2025-08-30,
344,7,21,40,1,Completed,9,100,2025-06-14,2025-09-12,2025-08-18
345,8,23,20,2,In Progress,23,79,2025-09-28,2026-01-06,
346,1,1,17,3,In Progress,58,56,2025-11-06,2026-02-23,
347,4,11,17,2,Completed,22,100,2025-07-31,2025-11-13,2025-09-28
348,4,12,48,2,Completed,22,100,2025-08-05,2025-11-13,2025-09-19
349,4,11,17,3,Delayed,59,31,2025-07-17,2025-11-13,
350,1,1,44,2,Completed,24,100,2025-11-15,2026-02-23,2026-01-05
351,4,12,26,2,Completed,24,100,2025-08-10,2025-11-13,2025-09-08
352,7,21,46,2,Completed,23,100,2025-06-05,2025-09-12,2025-08-13
353,4,11,12,3,Delayed,64,43,2025-07-26,2025-11-13,
354,7,21,8,2,In Progress,28,19,2025-05-28,2025-09-12,
355,6,16,9,2,Completed,25,100,2025-12-06,2026-03-22,2026-02-06
356,5,14,27,2,Completed,27,100,2025-08-03,2025-11-12,2025-10-21
357,9,26,20,1,Completed,11,100,2025-04-27,2025-07-29,2025-07-05
358,3,8,21,2,Completed,27,100,2025-06-07,2025-09-12,2025-06-17
359,4,12,37,3,Completed,60,100,2025-08-03,2025-11-13,2025-08-17
360,7,19,27,2,Completed,22,100,2025-06-05,2025-09-12,2025-07-01
361,1,3,21,2,In Progress,27,29,2025-11-03,2026-02-23,
362,5,13,3,3,In Progress,61,57,2025-07-17,2025-11-12,
363,8,23,33,1,Completed,6,100,2025-10-03,2026-01-06,2025-12-13
364,1,1,48,3,Completed,60,100,2025-11-23,2026-02-23,2026-02-11
365,9,26,26,3,Open,59,0,2025-04-29,2025-07-29,
366,2,4,36,3,Completed,64,100,2025-11-26,2026-03-05,2026-02-01
367,3,7,23,3,Completed,60,100,2025-06-09,2025-09-12,2025-07-16
368,6,17,17,2,Completed,27,100,2025-12-05,2026-03-22,2026-01-02
369,7,19,34,2,In Progress,26,86,2025-06-13,2025-09-12,
370,4,11,6,2,Open,25,0,2025-08-15,2025-11-13,
371,8,22,25,1,Completed,10,100,2025-09-12,2026-01-06,2025-10-17
372,6,16,36,3,Open,64,0,2025-12-05,2026-03-22,
373,6,18,6,2,Completed,22,100,2025-12-10,2026-03-22,2026-02-26
374,2,4,14,3,Completed,61,100,2025-11-28,2026-03-05,2026-02-06
375,8,24,25,2,In Progress,27,62,2025-09-14,2026-01-06,
376,4,11,49,2,In Progress,26,42,2025-08-09,2025-11-13,
377,2,4,8,1,Completed,6,100,2025-11-08,2026-03-05,2025-12-19
378,9,25,23,3,In Progress,58,83,2025-04-02,2025-07-29,
379,8,23,42,3,Completed,64,100,2025-09-16,2026-01-06,2025-11-03
380,6,16,40,3,In Progress,64,27,2025-12-10,2026-03-22,
381,5,14,34,3,Completed,64,100,2025-08-14,2025-11-12,2025-09-29
382,4,10,6,2,Completed,22,100,2025-07-18,2025-11-13,2025-08-09
383,4,11,39,1,Delayed,9,78,2025-08-08,2025-11-13,
384,9,27,34,2,Completed,25,100,2025-04-12,2025-07-29,2025-04-23
385,4,11,28,1,Completed,9,100,2025-08-06,2025-11-13,2025-10-09
386,4,10,32,2,Completed,28,100,2025-08-13,2025-11-13,2025-09-08
387,10,28,11,2,Completed,25,100,2025-05-10,2025-08-30,2025-06-01
388,10,28,47,1,Completed,7,100,2025-05-05,2025-08-30,2025-05-22
389,9,25,35,2,In Progress,23,22,2025-04-25,2025-07-29,
390,1,2,20,2,Open,23,0,2025-11-21,2026-02-23,
391,7,20,44,2,Open,28,0,2025-06-09,2025-09-12,
392,8,23,44,1,In Progress,9,30,2025-10-08,2026-01-06,
393,8,22,18,3,Completed,65,100,2025-09-27,2026-01-06,2025-11-24
394,10,29,44,1,In Progress,9,82,2025-05-13,2025-08-30,
395,3,9,37,2,Open,23,0,2025-05-16,2025-09-12,
396,1,3,25,1,Completed,11,100,2025-11-12,2026-02-23,2026-01-13
397,6,17,4,1,Completed,6,100,2025-12-12,2026-03-22,2026-02-13
398,8,22,22,2,Completed,27,100,2025-10-08,2026-01-06,2025-11-10
399,9,26,6,3,Completed,65,100,2025-04-10,2025-07-29,2025-06-11
400,2,6,21,1,Open,6,0,2025-11-18,2026-03-05,
401,7,20,49,2,Completed,29,100,2025-05-16,2025-09-12,2025-07-11
402,9,26,8,1,Completed,10,100,2025-04-26,2025-07-29,2025-05-27
403,1,3,32,1,Completed,8,100,2025-10-27,2026-02-23,2026-01-06
404,2,6,31,2,In Progress,26,48,2025-11-30,2026-03-05,
405,3,9,19,2,Open,26,0,2025-05-16,2025-09-12,
406,2,6,10,1,Completed,6,100,2025-11-07,2026-03-05,2026-01-26
407,9,25,32,1,Completed,8,100,2025-04-07,2025-07-29,2025-06-19
408,6,17,23,3,In Progress,62,82,2025-12-21,2026-03-22,
409,1,1,8,2,Delayed,29,57,2025-11-07,2026-02-23,
410,3,9,25,2,In Progress,26,40,2025-06-07,2025-09-12,
411,5,13,50,3,Completed,59,100,2025-07-22,2025-11-12,2025-08-17
412,4,10,39,3,Completed,64,100,2025-07-19,2025-11-13,2025-09-27
413,1,3,20,2,In Progress,22,76,2025-11-18,2026-02-23,
414,1,2,46,3,In Progress,65,53,2025-11-20,2026-02-23,
415,6,16,2,2,Completed,26,100,2025-11-23,2026-03-22,2026-01-18
416,6,18,13,2,Completed,25,100,2025-12-10,2026-03-22,2026-02-28
417,7,20,39,3,Delayed,63,60,2025-05-19,2025-09-12,
418,3,9,46,2,Completed,26,100,2025-05-31,2025-09-12,2025-07-15
419,6,16,9,3,Completed,65,100,2025-12-22,2026-03-22,2026-03-10
420,9,26,37,3,In Progress,58,18,2025-04-01,2025-07-29,
421,6,16,18,3,In Progress,62,87,2025-12-14,2026-03-22,
422,2,5,32,1,Completed,11,100,2025-11-08,2026-03-05,2026-01-18
423,5,14,23,3,In Progress,61,58,2025-08-06,2025-11-12,
424,1,1,14,3,Delayed,62,79,2025-10-27,2026-02-23,
425,4,10,47,2,In Progress,23,86,2025-07-22,2025-11-13,
426,3,9,4,2,Completed,28,100,2025-06-13,2025-09-12,2025-07-30
427,7,21,15,2,In Progress,29,13,2025-06-02,2025-09-12,
428,5,13,47,1,Delayed,13,68,2025-07-27,2025-11-12,
429,9,25,35,1,Completed,6,100,2025-03-31,2025-07-29,2025-06-12
430,4,10,13,2,Completed,28,100,2025-07-28,2025-11-13,2025-09-20
431,4,11,44,1,Completed,10,100,2025-08-05,2025-11-13,2025-10-02
432,7,21,12,3,Completed,64,100,2025-06-14,2025-09-12,2025-07-25
433,4,12,33,3,In Progress,65,67,2025-07-30,2025-11-13,
434,8,22,24,1,In Progress,6,76,2025-10-04,2026-01-06,
435,2,5,49,2,Open,23,0,2025-11-16,2026-03-05,
436,9,27,16,3,Completed,65,100,2025-04-15,2025-07-29,2025-07-04
437,5,14,35,2,Completed,26,100,2025-08-07,2025-11-12,2025-10-25
438,7,21,34,2,In Progress,26,38,2025-06-09,2025-09-12,
439,6,17,49,1,In Progress,12,25,2025-12-03,2026-03-22,
440,10,28,31,1,In Progress,7,72,2025-05-05,2025-08-30,
441,2,6,34,3,Completed,65,100,2025-11-14,2026-03-05,2026-02-01
442,5,14,41,1,In Progress,13,34,2025-07-24,2025-11-12,
443,9,26,39,3,Completed,58,100,2025-04-16,2025-07-29,2025-05-06
444,2,5,29,2,In Progress,28,62,2025-12-03,2026-03-05,
445,5,13,25,2,Completed,28,100,2025-07-29,2025-11-12,2025-09-25
446,9,27,17,2,Completed,29,100,2025-04-03,2025-07-29,2025-06-17
447,6,16,1,1,In Progress,9,50,2025-12-14,2026-03-22,
448,5,14,15,2,In Progress,25,72,2025-07-31,2025-11-12,
449,7,20,44,1,Delayed,12,85,2025-06-13,2025-09-12,
450,9,27,46,3,Completed,61,100,2025-04-21,2025-07-29,2025-05-20
451,1,2,10,2,Completed,22,100,2025-11-25,2026-02-23,2025-12-18
452,2,6,32,1,Completed,12,100,2025-11-26,2026-03-05,2025-12-29
453,9,27,29,2,Delayed,27,56,2025-04-25,2025-07-29,
454,4,12,42,2,Completed,24,100,2025-07-31,2025-11-13,2025-08-15
455,8,22,3,3,In Progress,65,28,2025-09-24,2026-01-06,
456,9,25,2,3,Delayed,64,48,2025-04-25,2025-07-29,
457,3,8,36,2,Completed,28,100,2025-06-09,2025-09-12,2025-08-02
458,8,24,48,2,Completed,23,100,2025-09-29,2026-01-06,2025-11-18
459,1,2,30,2,Completed,29,100,2025-11-23,2026-02-23,2026-02-09
460,8,22,17,2,Completed,22,100,2025-10-07,2026-01-06,2025-11-13
461,9,26,12,3,Delayed,62,42,2025-04-25,2025-07-29,
462,10,29,33,2,Completed,24,100,2025-05-25,2025-08-30,2025-08-07
463,7,21,17,2,In Progress,22,32,2025-06-02,2025-09-12,
464,5,14,7,2,Delayed,22,41,2025-07-20,2025-11-12,
465,1,1,2,3,Completed,60,100,2025-11-14,2026-02-23,2025-12-15
466,9,25,22,3,Completed,62,100,2025-04-04,2025-07-29,2025-05-31
467,9,27,21,2,Open,26,0,2025-04-20,2025-07-29,
468,8,22,35,1,Completed,12,100,2025-09-09,2026-01-06,2025-09-30
469,5,13,37,2,Delayed,29,31,2025-08-10,2025-11-12,
470,6,16,29,1,In Progress,6,75,2025-11-24,2026-03-22,
471,10,28,26,2,Completed,28,100,2025-05-07,2025-08-30,2025-06-17
472,9,27,7,3,Completed,64,100,2025-04-12,2025-07-29,2025-04-26
473,2,5,40,2,Open,26,0,2025-11-14,2026-03-05,
474,7,19,23,2,Completed,23,100,2025-05-26,2025-09-12,2025-07-30
475,9,26,18,2,Delayed,24,45,2025-04-17,2025-07-29,
476,6,16,26,2,In Progress,27,70,2025-12-11,2026-03-22,
477,1,3,14,2,Completed,24,100,2025-11-05,2026-02-23,2025-12-14
478,2,4,29,1,Delayed,13,78,2025-11-21,2026-03-05,
479,3,7,21,3,In Progress,63,28,2025-05-21,2025-09-12,
480,10,28,36,3,Completed,58,100,2025-05-15,2025-08-30,2025-07-15
481,5,15,30,2,Open,27,0,2025-08-03,2025-11-12,
482,9,27,44,2,Delayed,24,56,2025-04-15,2025-07-29,
483,8,24,46,2,Completed,24,100,2025-09-28,2026-01-06,2025-11-29
484,6,18,44,2,Completed,28,100,2025-11-24,2026-03-22,2025-12-04
485,4,12,46,2,In Progress,23,31,2025-07-26,2025-11-13,
486,10,29,2,2,Completed,28,100,2025-05-24,2025-08-30,2025-07-20
487,1,2,37,2,Completed,29,100,2025-10-27,2026-02-23,2025-12-14
488,2,5,5,3,Completed,60,100,2025-11-15,2026-03-05,2025-12-13
489,7,21,42,3,Open,62,0,2025-05-25,2025-09-12,
490,2,4,42,3,Completed,59,100,2025-11-17,2026-03-05,2025-12-19
491,8,24,1,3,In Progress,59,28,2025-10-05,2026-01-06,
492,8,22,49,2,Open,27,0,2025-10-05,2026-01-06,
493,3,8,41,1,In Progress,13,12,2025-05-31,2025-09-12,
494,7,20,8,1,Completed,9,100,2025-05-27,2025-09-12,2025-08-04
495,8,22,38,3,Completed,60,100,2025-09-29,2026-01-06,2025-11-21
496,10,28,24,1,Open,11,0,2025-05-15,2025-08-30,
497,4,12,10,2,Open,28,0,2025-07-17,2025-11-13,
498,8,23,6,3,Open,61,0,2025-10-03,2026-01-06,
499,2,4,31,1,Completed,8,100,2025-11-10,2026-03-05,2026-01-06
500,7,19,31,3,Completed,58,100,2025-06-05,2025-09-12,2025-06-16
501,6,17,29,1,Completed,6,100,2025-11-24,2026-03-22,2025-12-15
502,4,12,25,1,Completed,10,100,2025-07-23,2025-11-13,2025-08-17
503,2,6,1,3,Completed,61,100,2025-12-04,2026-03-05,2026-01-28
504,10,30,41,1,Delayed,12,59,2025-05-06,2025-08-30,
505,9,26,48,3,Completed,62,100,2025-04-07,2025-07-29,2025-05-04
506,2,6,46,2,Completed,27,100,2025-11-08,2026-03-05,2025-11-24
507,4,12,42,3,Completed,62,100,2025-07-20,2025-11-13,2025-09-16
508,7,19,46,3,Completed,62,100,2025-05-16,2025-09-12,2025-07-01
509,5,14,4,1,Completed,7,100,2025-08-06,2025-11-12,2025-09-13
510,7,19,11,3,Completed,64,100,2025-05-17,2025-09-12,2025-07-18
511,9,27,27,2,Completed,23,100,2025-04-17,2025-07-29,2025-07-05
512,1,3,36,2,In Progress,23,48,2025-11-14,2026-02-23,
513,2,4,9,2,In Progress,29,41,2025-11-29,2026-03-05,
514,6,17,38,2,Completed,23,100,2025-12-17,2026-03-22,2026-01-27
515,3,8,27,2,Completed,25,100,2025-06-12,2025-09-12,2025-08-08
516,5,13,12,3,Completed,59,100,2025-07-27,2025-11-12,2025-08-21
517,6,18,30,2,Completed,28,100,2025-12-12,2026-03-22,2026-01-07
518,4,10,20,1,Completed,6,100,2025-07-29,2025-11-13,2025-08-27
519,1,1,18,2,In Progress,29,80,2025-11-21,2026-02-23,
520,7,20,12,3,Completed,59,100,2025-05-26,2025-09-12,2025-07-25
521,6,16,5,3,Completed,64,100,2025-12-19,2026-03-22,2026-01-13
522,9,27,30,1,Open,6,0,2025-04-04,2025-07-29,
523,10,29,13,3,In Progress,65,43,2025-05-28,2025-08-30,
524,6,17,21,2,In Progress,22,77,2025-11-23,2026-03-22,
525,5,15,12,3,In Progress,58,13,2025-07-22,2025-11-12,
526,5,15,44,2,Completed,23,100,2025-07-20,2025-11-12,2025-08-27
527,7,21,43,3,Completed,65,100,2025-05-29,2025-09-12,2025-08-15
528,10,30,2,1,Completed,6,100,2025-05-13,2025-08-30,2025-06-25
529,8,22,8,1,Completed,9,100,2025-09-14,2026-01-06,2025-10-29
530,3,7,46,2,Completed,23,100,2025-05-30,2025-09-12,2025-07-08
531,6,16,10,2,Completed,23,100,2025-12-14,2026-03-22,2025-12-27
532,4,12,7,3,Open,63,0,2025-07-18,2025-11-13,
533,8,24,28,1,In Progress,6,47,2025-10-07,2026-01-06,
534,7,21,8,2,Completed,23,100,2025-05-27,2025-09-12,2025-06-30
535,1,2,43,1,Delayed,12,55,2025-11-15,2026-02-23,
536,3,8,32,2,Open,24,0,2025-06-02,2025-09-12,
537,3,7,43,1,In Progress,6,37,2025-05-18,2025-09-12,
538,2,4,28,2,In Progress,27,48,2025-11-20,2026-03-05,
539,9,25,16,2,Completed,23,100,2025-04-22,2025-07-29,2025-06-26
540,4,12,38,3,Completed,63,100,2025-07-21,2025-11-13,2025-08-30
541,4,12,38,3,Completed,62,100,2025-07-19,2025-11-13,2025-09-25
542,10,29,11,2,Completed,23,100,2025-05-29,2025-08-30,2025-06-15
543,9,27,32,1,Completed,10,100,2025-04-25,2025-07-29,2025-06-12
544,1,3,49,1,In Progress,6,43,2025-11-23,2026-02-23,
545,2,4,6,3,In Progress,60,66,2025-11-10,2026-03-05,
546,10,28,38,3,In Progress,61,23,2025-05-07,2025-08-30,
547,5,14,49,2,Completed,27,100,2025-08-02,2025-11-12,2025-10-20
548,2,6,36,3,Open,62,0,2025-11-13,2026-03-05,
549,1,1,45,1,Completed,12,100,2025-11-15,2026-02-23,2025-11-25
550,5,14,24,2,Completed,22,100,2025-07-26,2025-11-12,2025-10-10
551,6,18,27,3,Completed,59,100,2025-12-11,2026-03-22,2026-01-15
552,2,4,30,1,Completed,11,100,2025-11-10,2026-03-05,2025-12-09
553,2,4,21,1,Completed,10,100,2025-11-24,2026-03-05,2025-12-23
554,1,2,50,2,Delayed,22,49,2025-11-22,2026-02-23,
555,1,1,39,1,Completed,10,100,2025-10-31,2026-02-23,2025-12-25
556,2,4,21,2,Open,27,0,2025-11-29,2026-03-05,
557,5,13,22,3,Completed,65,100,2025-07-24,2025-11-12,2025-08-14
558,9,27,20,1,Completed,12,100,2025-04-05,2025-07-29,2025-05-15
559,6,16,39,3,Open,58,0,2025-12-10,2026-03-22,
560,5,14,18,3,Completed,63,100,2025-07-31,2025-11-12,2025-09-10
561,6,16,16,2,Delayed,23,44,2025-12-01,2026-03-22,
562,4,12,29,1,Completed,12,100,2025-07-17,2025-11-13,2025-08-28
563,3,9,3,3,Delayed,65,31,2025-06-10,2025-09-12,
564,9,25,38,2,Completed,22,100,2025-04-14,2025-07-29,2025-05-10
565,2,5,25,1,Completed,8,100,2025-11-12,2026-03-05,2025-12-15
566,5,15,44,1,Completed,6,100,2025-07-25,2025-11-12,2025-08-19
567,5,14,48,2,In Progress,26,64,2025-07-25,2025-11-12,
568,8,24,44,2,Completed,29,100,2025-09-23,2026-01-06,2025-10-12
569,10,28,5,3,Completed,64,100,2025-05-05,2025-08-30,2025-05-24
570,2,4,49,2,In Progress,25,45,2025-11-22,2026-03-05,
571,10,29,43,2,Open,23,0,2025-05-12,2025-08-30,
572,10,30,19,3,Completed,60,100,2025-05-25,2025-08-30,2025-08-05
573,7,20,20,2,Completed,23,100,2025-06-05,2025-09-12,2025-07-25
574,2,4,9,3,Delayed,63,57,2025-11-24,2026-03-05,
575,3,7,39,1,Completed,12,100,2025-05-23,2025-09-12,2025-07-20
576,6,17,13,3,In Progress,60,83,2025-11-22,2026-03-22,
577,9,26,15,2,Completed,29,100,2025-04-16,2025-07-29,2025-06-11
578,8,24,38,3,Completed,60,100,2025-09-14,2026-01-06,2025-10-01
579,8,22,15,3,Completed,61,100,2025-10-03,2026-01-06,2025-10-19
580,8,22,29,2,In Progress,26,60,2025-09-10,2026-01-06,
581,3,7,13,2,Completed,22,100,2025-05-20,2025-09-12,2025-07-19
582,5,15,32,1,Completed,13,100,2025-07-18,2025-11-12,2025-08-20
583,3,7,27,3,Delayed,62,84,2025-06-14,2025-09-12,
584,2,6,49,2,Delayed,28,88,2025-11-10,2026-03-05,
585,2,5,49,2,In Progress,28,30,2025-11-27,2026-03-05,
586,3,8,45,1,In Progress,13,38,2025-05-19,2025-09-12,
587,1,3,50,2,In Progress,26,45,2025-10-26,2026-02-23,
588,7,19,44,1,In Progress,9,60,2025-05-23,2025-09-12,
589,1,1,3,1,Completed,11,100,2025-11-17,2026-02-23,2026-01-14
590,3,9,40,1,Completed,8,100,2025-06-03,2025-09-12,2025-08-14
591,1,3,33,1,In Progress,6,89,2025-10-30,2026-02-23,
592,2,4,15,2,In Progress,23,21,2025-11-29,2026-03-05,
593,10,28,18,2,In Progress,27,44,2025-05-12,2025-08-30,
594,10,29,44,2,Delayed,22,34,2025-05-06,2025-08-30,
595,2,4,42,3,Completed,61,100,2025-11-18,2026-03-05,2026-01-08
596,4,11,1,2,Completed,24,100,2025-08-09,2025-11-13,2025-10-25
597,5,15,17,2,Completed,22,100,2025-07-19,2025-11-12,2025-09-15
598,7,20,42,3,In Progress,62,69,2025-05-27,2025-09-12,
599,3,7,35,1,In Progress,8,55,2025-05-22,2025-09-12,
600,3,7,15,2,Delayed,28,90,2025-05-29,2025-09-12,
601,4,10,24,2,In Progress,25,27,2025-07-20,2025-11-13,
602,9,26,50,2,In Progress,27,64,2025-04-28,2025-07-29,
603,9,26,5,2,Delayed,22,60,2025-04-08,2025-07-29,
604,7,19,40,2,In Progress,22,73,2025-06-04,2025-09-12,
605,7,20,30,1,Delayed,9,64,2025-05-28,2025-09-12,
606,6,16,31,1,Completed,9,100,2025-12-14,2026-03-22,2026-01-25
607,3,7,1,3,In Progress,58,56,2025-06-09,2025-09-12,
608,7,21,5,2,Completed,25,100,2025-06-07,2025-09-12,2025-07-23
609,3,7,39,2,Completed,29,100,2025-06-11,2025-09-12,2025-07-27
610,7,21,6,3,In Progress,58,23,2025-05-17,2025-09-12,
611,7,20,23,3,Completed,61,100,2025-06-14,2025-09-12,2025-08-24
612,1,2,34,3,In Progress,61,80,2025-11-25,2026-02-23,
613,10,28,30,1,In Progress,7,60,2025-05-31,2025-08-30,
614,7,19,9,2,Completed,26,100,2025-06-02,2025-09-12,2025-07-06
615,9,27,17,2,Delayed,22,32,2025-04-16,2025-07-29,
616,10,29,10,1,Completed,12,100,2025-05-27,2025-08-30,2025-08-11
617,10,28,46,2,Open,22,0,2025-05-17,2025-08-30,
618,10,29,12,3,Open,64,0,2025-05-06,2025-08-30,
619,3,8,38,3,Completed,58,100,2025-06-02,2025-09-12,2025-08-16
620,2,6,28,1,In Progress,9,70,2025-11-09,2026-03-05,
621,10,29,8,1,Completed,11,100,2025-06-01,2025-08-30,2025-06-18
622,7,21,7,2,In Progress,23,52,2025-06-03,2025-09-12,
623,10,30,25,2,Delayed,27,52,2025-05-12,2025-08-30,
624,6,18,5,2,Completed,29,100,2025-12-20,2026-03-22,2026-03-04
625,1,1,33,2,Delayed,27,32,2025-10-29,2026-02-23,
626,6,16,42,3,Delayed,64,62,2025-11-28,2026-03-22,
627,2,4,21,3,In Progress,64,83,2025-11-08,2026-03-05,
628,9,26,5,2,Delayed,29,34,2025-04-14,2025-07-29,
629,9,25,23,2,Completed,22,100,2025-04-20,2025-07-29,2025-05-27
630,6,16,27,2,Completed,28,100,2025-12-04,2026-03-22,2026-02-18
631,2,4,24,1,Completed,7,100,2025-11-25,2026-03-05,2025-12-11
632,9,25,35,2,Completed,26,100,2025-04-27,2025-07-29,2025-05-22
633,3,9,4,1,Completed,9,100,2025-05-17,2025-09-12,2025-07-31
634,10,28,28,2,Delayed,27,42,2025-05-10,2025-08-30,
635,5,15,28,2,In Progress,25,36,2025-07-26,2025-11-12,
636,3,8,33,2,In Progress,25,55,2025-06-12,2025-09-12,
637,9,27,28,1,Completed,8,100,2025-04-28,2025-07-29,2025-06-14
638,5,15,42,2,In Progress,26,83,2025-08-05,2025-11-12,
639,3,9,30,2,Completed,29,100,2025-06-01,2025-09-12,2025-08-19
640,6,18,8,1,In Progress,12,70,2025-11-22,2026-03-22,
641,5,14,50,3,Completed,58,100,2025-07-24,2025-11-12,2025-10-07
642,6,17,39,2,Completed,22,100,2025-12-14,2026-03-22,2026-02-24
643,10,29,10,2,Completed,27,100,2025-05-10,2025-08-30,2025-06-15
644,10,30,43,3,Completed,61,100,2025-05-18,2025-08-30,2025-07-02
645,3,8,18,2,In Progress,22,71,2025-05-23,2025-09-12,
646,1,3,26,2,Delayed,27,70,2025-11-08,2026-02-23,
647,6,17,34,2,Completed,26,100,2025-11-30,2026-03-22,2026-02-15
648,1,2,3,3,Open,58,0,2025-11-03,2026-02-23,
649,5,13,38,3,Completed,62,100,2025-07-20,2025-11-12,2025-09-27
650,3,8,16,2,Open,26,0,2025-05-28,2025-09-12,
651,9,27,50,1,Delayed,6,77,2025-04-24,2025-07-29,
652,4,12,16,3,Completed,59,100,2025-07-16,2025-11-13,2025-09-30
653,9,25,19,3,In Progress,61,66,2025-04-27,2025-07-29,
654,3,9,23,2,In Progress,29,54,2025-06-11,2025-09-12,
655,1,3,9,3,Delayed,59,33,2025-11-15,2026-02-23,
656,9,25,15,3,Completed,58,100,2025-04-21,2025-07-29,2025-07-07
657,7,20,14,2,Completed,22,100,2025-05-26,2025-09-12,2025-06-25
658,6,16,6,2,Completed,25,100,2025-12-18,2026-03-22,2026-01-16
659,10,29,24,1,Completed,7,100,2025-05-14,2025-08-30,2025-07-20
660,6,16,9,2,Completed,29,100,2025-12-17,2026-03-22,2026-01-07
661,9,27,36,2,Completed,24,100,2025-04-25,2025-07-29,2025-06-14
662,7,20,35,1,In Progress,12,33,2025-05-15,2025-09-12,
663,2,4,13,2,In Progress,28,28,2025-11-20,2026-03-05,
664,1,2,45,2,Completed,26,100,2025-11-20,2026-02-23,2026-01-23
665,8,23,47,2,Completed,27,100,2025-09-12,2026-01-06,2025-10-23
666,4,12,11,3,Open,62,0,2025-08-08,2025-11-13,
667,9,25,20,2,Delayed,25,90,2025-04-12,2025-07-29,
668,9,25,19,2,Completed,27,100,2025-04-08,2025-07-29,2025-05-08
669,5,14,23,2,Completed,29,100,2025-08-13,2025-11-12,2025-10-31
670,10,30,28,2,Completed,29,100,2025-05-27,2025-08-30,2025-06-25
671,4,12,35,1,Completed,13,100,2025-07-21,2025-11-13,2025-09-04
672,1,1,32,1,Completed,10,100,2025-11-03,2026-02-23,2026-01-18
673,3,8,16,3,Completed,65,100,2025-06-14,2025-09-12,2025-08-04
674,5,15,27,3,Completed,60,100,2025-07-22,2025-11-12,2025-08-22
675,5,13,11,1,Completed,10,100,2025-08-04,2025-11-12,2025-09-22
676,3,8,40,2,Completed,22,100,2025-06-12,2025-09-12,2025-07-11
677,9,27,34,3,Completed,60,100,2025-04-24,2025-07-29,2025-06-06
678,7,21,50,2,In Progress,24,75,2025-05-16,2025-09-12,
679,10,30,27,3,Completed,58,100,2025-05-06,2025-08-30,2025-06-07
680,6,18,50,2,In Progress,25,65,2025-11-23,2026-03-22,
681,7,19,30,1,Completed,6,100,2025-05-31,2025-09-12,2025-06-26
682,4,10,30,1,In Progress,11,59,2025-07-25,2025-11-13,
683,10,28,17,3,Completed,59,100,2025-05-23,2025-08-30,2025-07-15
684,5,13,21,1,Completed,9,100,2025-08-08,2025-11-12,2025-10-18
685,3,7,12,3,In Progress,61,70,2025-05-22,2025-09-12,
686,5,14,31,2,Completed,24,100,2025-07-28,2025-11-12,2025-08-15
687,1,1,33,1,Delayed,11,69,2025-11-19,2026-02-23,
688,7,21,36,3,Open,58,0,2025-06-03,2025-09-12,
689,6,16,18,2,Delayed,27,74,2025-12-07,2026-03-22,
690,3,9,19,1,Completed,13,100,2025-06-08,2025-09-12,2025-07-16
691,7,19,5,2,Open,28,0,2025-05-30,2025-09-12,
692,4,10,16,3,Completed,62,100,2025-08-03,2025-11-13,2025-09-02
693,6,17,42,3,Completed,61,100,2025-11-22,2026-03-22,2026-02-09
694,9,26,45,2,Completed,25,100,2025-04-30,2025-07-29,2025-07-12
695,9,25,18,2,Completed,24,100,2025-04-07,2025-07-29,2025-06-10
696,5,13,8,2,Completed,28,100,2025-08-05,2025-11-12,2025-09-19
697,1,2,11,1,In Progress,9,62,2025-11-14,2026-02-23,
698,1,3,8,1,Open,8,0,2025-11-18,2026-02-23,
699,8,23,49,1,In Progress,11,89,2025-10-07,2026-01-06,
700,5,15,35,1,Completed,10,100,2025-07-17,2025-11-12,2025-10-02
701,8,22,18,3,In Progress,65,85,2025-09-26,2026-01-06,
702,9,27,21,2,Open,26,0,2025-03-31,2025-07-29,
703,5,14,7,2,In Progress,28,55,2025-08-13,2025-11-12,
704,8,23,9,3,Completed,65,100,2025-09-14,2026-01-06,2025-10-27
705,8,24,49,1,Completed,7,100,2025-10-05,2026-01-06,2025-11-13
706,2,4,16,2,Completed,28,100,2025-11-15,2026-03-05,2026-01-22
707,8,23,42,2,Completed,22,100,2025-09-17,2026-01-06,2025-10-23
708,2,5,13,3,Delayed,61,86,2025-11-29,2026-03-05,
709,7,20,21,3,Completed,63,100,2025-06-03,2025-09-12,2025-06-25
710,8,23,44,2,Completed,28,100,2025-10-04,2026-01-06,2025-11-23
711,1,1,10,1,Completed,13,100,2025-11-04,2026-02-23,2025-11-22
712,7,21,45,1,In Progress,9,83,2025-05-25,2025-09-12,
713,8,22,2,1,In Progress,10,16,2025-10-07,2026-01-06,
714,2,5,44,2,Completed,22,100,2025-11-21,2026-03-05,2025-12-15
715,2,6,50,1,Completed,9,100,2025-12-01,2026-03-05,2026-01-17
716,8,23,47,2,Completed,25,100,2025-10-07,2026-01-06,2025-10-31
717,7,19,45,1,Completed,6,100,2025-06-08,2025-09-12,2025-08-20
718,3,9,49,1,Open,11,0,2025-06-07,2025-09-12,
719,10,29,11,2,Open,29,0,2025-05-09,2025-08-30,
720,5,13,28,2,Completed,23,100,2025-08-11,2025-11-12,2025-09-17
721,2,4,34,2,Completed,28,100,2025-11-29,2026-03-05,2026-02-14
722,1,2,46,2,In Progress,25,74,2025-11-19,2026-02-23,
723,4,11,15,3,Open,61,0,2025-08-04,2025-11-13,
724,10,30,24,2,Completed,25,100,2025-05-14,2025-08-30,2025-05-29
725,8,22,3,3,In Progress,64,47,2025-09-13,2026-01-06,
726,8,24,44,1,In Progress,10,22,2025-09-25,2026-01-06,
727,5,15,38,2,In Progress,25,87,2025-07-23,2025-11-12,
728,6,18,46,2,Completed,25,100,2025-12-19,2026-03-22,2026-02-19
729,3,9,8,1,Completed,9,100,2025-05-27,2025-09-12,2025-07-22
730,1,1,14,2,Completed,22,100,2025-11-15,2026-02-23,2025-12-06
731,6,16,45,1,Delayed,13,59,2025-12-01,2026-03-22,
732,6,16,19,3,Completed,65,100,2025-11-28,2026-03-22,2026-01-28
733,1,3,37,3,Completed,59,100,2025-11-09,2026-02-23,2026-01-18
734,9,26,20,2,Completed,22,100,2025-04-10,2025-07-29,2025-05-20
735,9,27,5,3,Delayed,59,43,2025-04-08,2025-07-29,
736,7,20,5,3,In Progress,59,72,2025-05-23,2025-09-12,
737,9,26,1,1,In Progress,10,17,2025-04-17,2025-07-29,
738,8,24,38,2,Completed,23,100,2025-09-21,2026-01-06,2025-10-30
739,2,4,28,1,In Progress,12,64,2025-12-01,2026-03-05,
740,6,16,30,1,Completed,9,100,2025-12-17,2026-03-22,2026-02-03
741,3,8,3,2,Open,28,0,2025-06-13,2025-09-12,
742,4,12,6,2,Completed,27,100,2025-07-28,2025-11-13,2025-10-09
743,1,3,11,2,Completed,26,100,2025-11-14,2026-02-23,2026-01-05
744,3,7,39,1,Completed,10,100,2025-06-04,2025-09-12,2025-08-16
745,1,2,41,2,In Progress,29,35,2025-11-08,2026-02-23,
746,7,21,41,2,Completed,22,100,2025-06-04,2025-09-12,2025-06-18
747,6,18,35,2,Completed,23,100,2025-11-30,2026-03-22,2026-01-16
748,3,7,13,2,In Progress,29,51,2025-05-21,2025-09-12,
749,3,7,23,2,Delayed,27,72,2025-05-17,2025-09-12,
750,6,17,46,3,In Progress,58,45,2025-12-19,2026-03-22,
751,1,2,25,2,Delayed,24,89,2025-11-07,2026-02-23,
752,5,13,46,2,Completed,22,100,2025-07-22,2025-11-12,2025-08-09
753,5,14,15,2,Completed,24,100,2025-07-28,2025-11-12,2025-09-16
754,6,16,12,2,Completed,23,100,2025-12-13,2026-03-22,2026-02-24
755,10,30,6,2,Completed,28,100,2025-05-05,2025-08-30,2025-07-10
756,6,17,24,2,Completed,28,100,2025-11-28,2026-03-22,2026-01-21
757,4,12,11,2,In Progress,24,18,2025-07-26,2025-11-13,
758,7,21,41,1,Completed,11,100,2025-05-27,2025-09-12,2025-06-22
759,8,22,19,1,Completed,12,100,2025-10-04,2026-01-06,2025-12-01
760,8,22,24,2,In Progress,25,30,2025-10-04,2026-01-06,
761,2,4,15,3,In Progress,62,44,2025-12-01,2026-03-05,
762,1,2,37,2,Completed,27,100,2025-11-08,2026-02-23,2026-01-07
763,10,29,3,1,In Progress,12,84,2025-05-08,2025-08-30,
764,10,29,11,1,Completed,9,100,2025-05-21,2025-08-30,2025-07-12
765,10,29,44,2,Completed,27,100,2025-05-18,2025-08-30,2025-07-18
766,3,8,31,2,Completed,27,100,2025-06-12,2025-09-12,2025-08-04
767,3,7,10,2,Completed,29,100,2025-05-18,2025-09-12,2025-06-18
768,3,8,32,2,In Progress,29,23,2025-06-11,2025-09-12,
769,9,27,18,3,Delayed,61,69,2025-04-18,2025-07-29,
770,8,23,46,2,Completed,22,100,2025-10-03,2026-01-06,2025-12-21
771,6,16,49,1,In Progress,13,64,2025-12-17,2026-03-22,
772,8,24,41,2,Completed,26,100,2025-10-01,2026-01-06,2025-11-08
773,2,4,43,2,In Progress,24,86,2025-11-29,2026-03-05,
774,4,11,5,3,Delayed,64,76,2025-08-10,2025-11-13,
775,4,11,1,2,Completed,24,100,2025-07-27,2025-11-13,2025-09-01
776,8,22,38,3,Completed,61,100,2025-10-01,2026-01-06,2025-12-12
777,6,17,34,3,Completed,62,100,2025-12-03,2026-03-22,2026-02-11
778,10,28,13,3,Completed,61,100,2025-05-08,2025-08-30,2025-07-02
779,3,8,5,2,In Progress,23,47,2025-05-16,2025-09-12,
780,9,27,14,2,Completed,25,100,2025-04-17,2025-07-29,2025-05-19
781,1,3,38,3,Completed,63,100,2025-11-11,2026-02-23,2026-01-10
782,9,25,7,3,In Progress,60,32,2025-04-05,2025-07-29,
783,7,19,11,2,In Progress,22,28,2025-06-07,2025-09-12,
784,9,25,9,3,Completed,61,100,2025-04-05,2025-07-29,2025-05-16
785,7,19,11,3,In Progress,58,53,2025-06-11,2025-09-12,
786,1,1,20,2,In Progress,26,26,2025-11-10,2026-02-23,
787,9,26,11,2,Delayed,29,66,2025-04-04,2025-07-29,
788,4,11,5,3,Delayed,62,77,2025-08-10,2025-11-13,
789,2,5,40,2,Open,27,0,2025-12-05,2026-03-05,
790,5,15,47,2,Delayed,29,43,2025-07-22,2025-11-12,
791,2,4,17,2,Completed,26,100,2025-11-25,2026-03-05,2026-01-26
792,6,16,46,3,In Progress,64,63,2025-11-30,2026-03-22,
793,3,9,16,2,Open,28,0,2025-06-14,2025-09-12,
794,7,21,24,2,Completed,28,100,2025-06-10,2025-09-12,2025-08-28
795,8,22,29,2,Completed,23,100,2025-10-06,2026-01-06,2025-12-22
796,5,14,41,1,Completed,11,100,2025-07-18,2025-11-12,2025-08-30
797,1,1,44,2,In Progress,27,39,2025-10-28,2026-02-23,
798,7,20,47,2,Completed,29,100,2025-05-25,2025-09-12,2025-07-25
799,10,30,30,2,In Progress,25,12,2025-05-08,2025-08-30,
800,10,29,49,2,In Progress,22,43,2025-05-02,2025-08-30,
801,8,24,10,2,Delayed,22,57,2025-09-11,2026-01-06,
802,3,7,28,1,In Progress,13,19,2025-06-03,2025-09-12,
803,4,12,16,3,Completed,59,100,2025-08-04,2025-11-13,2025-08-23
804,2,4,10,1,In Progress,10,83,2025-11-27,2026-03-05,
805,2,5,50,1,Completed,10,100,2025-11-12,2026-03-05,2026-01-03
806,7,21,48,2,Delayed,29,55,2025-05-18,2025-09-12,
807,1,2,47,2,Completed,23,100,2025-11-24,2026-02-23,2025-12-10
808,10,30,49,1,Delayed,10,35,2025-05-04,2025-08-30,
809,2,6,16,2,In Progress,24,24,2025-11-14,2026-03-05,
810,6,17,50,1,Completed,8,100,2025-12-07,2026-03-22,2026-01-04
811,2,5,32,2,Completed,23,100,2025-11-15,2026-03-05,2026-01-15
812,2,4,4,2,In Progress,24,89,2025-11-21,2026-03-05,
813,7,20,47,1,Completed,9,100,2025-06-04,2025-09-12,2025-08-07
814,5,14,28,2,In Progress,25,83,2025-07-24,2025-11-12,
815,7,21,32,2,Open,24,0,2025-06-06,2025-09-12,
816,4,11,20,2,In Progress,24,30,2025-08-15,2025-11-13,
817,8,23,22,2,Completed,26,100,2025-09-24,2026-01-06,2025-10-13
818,7,19,29,2,Completed,27,100,2025-05-20,2025-09-12,2025-07-08
819,8,22,41,2,Completed,28,100,2025-09-17,2026-01-06,2025-10-08
820,8,24,26,3,Completed,60,100,2025-09-17,2026-01-06,2025-11-17
821,9,27,11,3,In Progress,60,41,2025-04-26,2025-07-29,
822,1,3,27,2,Completed,27,100,2025-11-23,2026-02-23,2026-01-17
823,7,21,45,2,Open,27,0,2025-05-18,2025-09-12,
824,8,23,32,2,Open,27,0,2025-09-30,2026-01-06,
825,10,28,1,3,Completed,59,100,2025-05-11,2025-08-30,2025-06-19
826,2,6,45,1,Completed,8,100,2025-11-17,2026-03-05,2025-12-30
827,3,9,16,2,Completed,23,100,2025-06-07,2025-09-12,2025-07-06
828,1,3,14,3,In Progress,65,45,2025-10-29,2026-02-23,
829,5,14,26,2,Open,28,0,2025-08-13,2025-11-12,
830,9,26,27,2,In Progress,25,55,2025-04-25,2025-07-29,
831,6,16,36,2,Delayed,26,77,2025-12-12,2026-03-22,
832,3,8,35,1,Completed,12,100,2025-06-01,2025-09-12,2025-07-11
833,4,11,48,2,In Progress,27,76,2025-08-13,2025-11-13,
834,3,9,2,3,Open,59,0,2025-05-31,2025-09-12,
835,3,8,27,3,In Progress,61,36,2025-05-20,2025-09-12,
836,8,23,1,3,Completed,64,100,2025-09-22,2026-01-06,2025-11-25
837,8,23,45,1,Completed,9,100,2025-09-19,2026-01-06,2025-10-12
838,2,6,5,3,Delayed,62,43,2025-11-06,2026-03-05,
839,10,30,31,1,Completed,13,100,2025-05-29,2025-08-30,2025-07-19
840,1,1,23,2,In Progress,23,18,2025-10-29,2026-02-23,
841,4,11,21,3,Delayed,64,82,2025-07-16,2025-11-13,
842,8,22,29,2,In Progress,28,63,2025-09-30,2026-01-06,
843,3,7,10,1,Completed,10,100,2025-05-24,2025-09-12,2025-08-03
844,6,18,44,2,In Progress,26,14,2025-12-08,2026-03-22,
845,10,30,27,2,Completed,26,100,2025-05-24,2025-08-30,2025-07-07
846,1,2,2,1,Completed,13,100,2025-11-12,2026-02-23,2026-01-19
847,5,13,36,3,In Progress,60,71,2025-07-15,2025-11-12,
848,7,19,20,1,Completed,7,100,2025-06-03,2025-09-12,2025-08-13
849,7,20,40,2,Completed,22,100,2025-05-29,2025-09-12,2025-07-07
850,10,30,31,2,Completed,23,100,2025-05-14,2025-08-30,2025-07-26
851,7,19,24,1,Completed,12,100,2025-05-26,2025-09-12,2025-08-02
852,9,26,50,3,Completed,63,100,2025-04-24,2025-07-29,2025-05-17
853,1,3,39,1,In Progress,10,89,2025-11-15,2026-02-23,
854,4,12,11,2,In Progress,26,84,2025-07-19,2025-11-13,
855,7,20,38,3,Completed,59,100,2025-06-09,2025-09-12,2025-08-17
856,3,8,46,3,Completed,65,100,2025-06-14,2025-09-12,2025-08-08
857,2,4,43,2,Completed,25,100,2025-11-18,2026-03-05,2025-12-05
858,3,8,45,1,Completed,10,100,2025-05-30,2025-09-12,2025-06-09
859,3,8,38,2,Completed,24,100,2025-06-09,2025-09-12,2025-08-20
860,8,22,32,1,In Progress,6,19,2025-09-15,2026-01-06,
861,1,3,46,2,Completed,27,100,2025-11-19,2026-02-23,2025-12-28
862,7,20,34,3,In Progress,65,19,2025-06-03,2025-09-12,
863,9,26,37,3,Completed,62,100,2025-04-04,2025-07-29,2025-06-10
864,3,9,10,1,Completed,7,100,2025-06-10,2025-09-12,2025-08-21
865,8,23,5,2,Completed,29,100,2025-10-03,2026-01-06,2025-11-21
866,3,7,31,3,In Progress,62,74,2025-06-10,2025-09-12,
867,6,17,5,2,In Progress,23,39,2025-12-16,2026-03-22,
868,5,15,3,2,Delayed,28,69,2025-08-12,2025-11-12,
869,8,22,25,2,Completed,29,100,2025-09-09,2026-01-06,2025-11-02
870,4,11,22,3,Completed,64,100,2025-08-07,2025-11-13,2025-08-26
871,9,27,41,2,Completed,24,100,2025-04-22,2025-07-29,2025-06-22
872,5,13,31,3,Completed,58,100,2025-08-07,2025-11-12,2025-10-04
873,9,27,5,3,Completed,62,100,2025-04-17,2025-07-29,2025-04-27
874,1,2,9,3,Completed,61,100,2025-11-07,2026-02-23,2025-12-02
875,6,18,47,1,Completed,13,100,2025-12-12,2026-03-22,2026-01-02
876,6,17,21,3,Completed,58,100,2025-12-08,2026-03-22,2026-01-02
877,10,29,5,3,Open,58,0,2025-05-29,2025-08-30,
878,8,23,39,1,Completed,11,100,2025-09-27,2026-01-06,2025-10-07
879,3,7,40,1,In Progress,9,75,2025-06-04,2025-09-12,
880,10,30,35,1,Completed,6,100,2025-05-22,2025-08-30,2025-07-23
881,8,23,33,1,In Progress,13,45,2025-10-01,2026-01-06,
882,4,12,14,3,Completed,59,100,2025-07-31,2025-11-13,2025-10-13
883,7,20,16,3,Open,64,0,2025-06-12,2025-09-12,
884,3,7,30,1,In Progress,13,66,2025-06-07,2025-09-12,
885,10,29,39,1,Completed,11,100,2025-05-21,2025-08-30,2025-08-09
886,6,18,20,1,Open,10,0,2025-12-04,2026-03-22,
887,6,16,26,3,Completed,62,100,2025-12-11,2026-03-22,2025-12-31
888,9,26,7,1,Completed,6,100,2025-04-05,2025-07-29,2025-05-06
889,10,30,12,2,Completed,28,100,2025-05-07,2025-08-30,2025-07-11
890,5,13,44,1,In Progress,8,60,2025-07-22,2025-11-12,
891,1,2,29,1,Completed,11,100,2025-11-06,2026-02-23,2025-12-20
892,8,23,41,1,Open,8,0,2025-10-01,2026-01-06,
893,4,12,20,2,Completed,26,100,2025-07-20,2025-11-13,2025-09-04
894,10,29,3,3,Completed,62,100,2025-05-14,2025-08-30,2025-06-07
895,3,8,40,3,Completed,60,100,2025-05-28,2025-09-12,2025-07-27
896,7,19,9,3,Open,63,0,2025-05-21,2025-09-12,
897,3,8,46,3,Completed,58,100,2025-05-23,2025-09-12,2025-06-23
898,1,2,4,2,Completed,24,100,2025-11-23,2026-02-23,2025-12-14
899,10,30,21,3,Completed,60,100,2025-05-06,2025-08-30,2025-06-15
900,7,19,41,1,In Progress,11,63,2025-06-09,2025-09-12,
901,7,21,12,3,In Progress,64,22,2025-05-16,2025-09-12,
902,4,11,1,2,In Progress,28,59,2025-08-13,2025-11-13,
903,7,21,33,3,Open,63,0,2025-05-25,2025-09-12,
904,9,27,34,3,Open,60,0,2025-04-16,2025-07-29,
905,9,25,16,3,Open,59,0,2025-04-17,2025-07-29,
906,9,27,1,1,Open,12,0,2025-04-28,2025-07-29,
907,7,21,8,1,Completed,7,100,2025-06-11,2025-09-12,2025-08-03
908,1,1,19,1,Completed,7,100,2025-11-21,2026-02-23,2026-01-02
909,7,20,40,2,Delayed,27,75,2025-05-16,2025-09-12,
910,9,25,19,2,In Progress,29,90,2025-04-16,2025-07-29,
911,7,20,26,2,Completed,29,100,2025-06-05,2025-09-12,2025-07-18
912,10,28,13,2,In Progress,27,80,2025-05-29,2025-08-30,
913,3,7,36,2,In Progress,26,21,2025-06-14,2025-09-12,
914,5,15,48,1,Completed,8,100,2025-08-11,2025-11-12,2025-10-10
915,8,23,48,1,In Progress,10,42,2025-09-18,2026-01-06,
916,5,15,11,1,Completed,7,100,2025-08-10,2025-11-12,2025-09-30
917,3,9,40,3,Completed,62,100,2025-06-01,2025-09-12,2025-06-28
918,1,1,45,1,In Progress,6,73,2025-10-29,2026-02-23,
919,10,30,22,3,Completed,61,100,2025-05-09,2025-08-30,2025-07-14
920,9,26,11,1,In Progress,9,77,2025-04-07,2025-07-29,
921,8,22,50,3,Completed,62,100,2025-09-25,2026-01-06,2025-11-21
922,10,30,6,2,Delayed,26,48,2025-05-28,2025-08-30,
923,5,13,38,3,Completed,62,100,2025-08-11,2025-11-12,2025-09-05
924,10,29,24,2,Completed,24,100,2025-05-13,2025-08-30,2025-06-11
925,5,13,43,2,Completed,27,100,2025-07-15,2025-11-12,2025-09-04
926,5,13,38,3,In Progress,60,41,2025-07-23,2025-11-12,
927,9,26,11,2,In Progress,29,47,2025-04-18,2025-07-29,
928,10,28,13,3,Completed,63,100,2025-05-07,2025-08-30,2025-06-17
929,2,6,27,3,In Progress,61,10,2025-11-23,2026-03-05,
930,8,22,4,2,Completed,27,100,2025-10-08,2026-01-06,2025-12-01
931,8,22,13,2,Open,22,0,2025-09-18,2026-01-06,
932,10,29,34,2,Open,28,0,2025-05-16,2025-08-30,
933,2,4,44,1,In Progress,6,76,2025-11-12,2026-03-05,
934,3,7,1,2,Completed,29,100,2025-06-05,2025-09-12,2025-06-21
935,9,25,49,2,Open,25,0,2025-04-08,2025-07-29,
936,10,28,44,2,Completed,28,100,2025-05-11,2025-08-30,2025-07-06
937,5,15,43,3,Completed,58,100,2025-07-24,2025-11-12,2025-08-10
938,8,22,39,2,Delayed,22,63,2025-09-25,2026-01-06,
939,6,18,36,2,Completed,22,100,2025-12-19,2026-03-22,2026-01-15
940,7,19,5,3,In Progress,62,25,2025-05-15,2025-09-12,
941,4,11,43,3,Completed,62,100,2025-08-11,2025-11-13,2025-09-22
942,1,2,28,2,Completed,24,100,2025-11-22,2026-02-23,2026-02-08
943,3,9,24,1,Completed,8,100,2025-05-15,2025-09-12,2025-06-17
944,4,10,7,2,Completed,27,100,2025-07-30,2025-11-13,2025-08-30
945,5,14,14,2,In Progress,23,55,2025-07-23,2025-11-12,
946,2,5,16,3,Completed,60,100,2025-11-15,2026-03-05,2026-01-19
947,7,19,5,2,In Progress,25,39,2025-05-21,2025-09-12,
948,8,22,13,3,In Progress,63,82,2025-09-17,2026-01-06,
949,5,13,33,2,In Progress,23,17,2025-08-10,2025-11-12,
950,2,5,30,2,Completed,22,100,2025-11-12,2026-03-05,2025-12-16
951,7,21,14,2,In Progress,29,74,2025-05-27,2025-09-12,
952,6,18,12,3,Completed,59,100,2025-12-07,2026-03-22,2026-02-10
953,8,22,15,2,Completed,28,100,2025-09-11,2026-01-06,2025-11-03
954,3,8,28,1,Completed,12,100,2025-05-25,2025-09-12,2025-07-31
955,10,30,26,3,Completed,63,100,2025-05-21,2025-08-30,2025-07-09
956,8,23,25,2,Completed,22,100,2025-09-27,2026-01-06,2025-12-06
957,5,15,28,2,Completed,25,100,2025-07-19,2025-11-12,2025-09-17
958,2,5,49,2,Completed,28,100,2025-12-04,2026-03-05,2026-01-02
959,1,3,12,3,Completed,59,100,2025-10-30,2026-02-23,2025-12-08
960,6,17,13,2,Delayed,29,60,2025-11-22,2026-03-22,
961,8,22,48,3,Completed,64,100,2025-10-06,2026-01-06,2025-11-03
962,4,10,40,2,Completed,23,100,2025-07-19,2025-11-13,2025-09-23
963,1,2,48,3,In Progress,64,61,2025-11-02,2026-02-23,
964,4,12,10,2,Completed,29,100,2025-08-13,2025-11-13,2025-10-15
965,5,15,37,2,Completed,25,100,2025-08-06,2025-11-12,2025-10-23
966,3,7,32,2,Delayed,22,75,2025-05-27,2025-09-12,
967,6,17,33,3,Completed,60,100,2025-12-20,2026-03-22,2026-02-01
968,8,24,1,1,Completed,13,100,2025-09-23,2026-01-06,2025-10-14
969,8,23,3,2,Completed,22,100,2025-09-25,2026-01-06,2025-11-20
970,7,20,4,2,Delayed,26,64,2025-06-09,2025-09-12,
971,1,1,18,2,In Progress,27,27,2025-11-04,2026-02-23,
972,4,11,33,2,Completed,29,100,2025-07-29,2025-11-13,2025-10-13
973,6,18,14,2,In Progress,23,56,2025-11-23,2026-03-22,
974,2,5,10,2,Completed,23,100,2025-11-24,2026-03-05,2026-01-04
975,6,16,49,1,In Progress,12,34,2025-12-11,2026-03-22,
976,9,25,35,1,In Progress,9,84,2025-04-14,2025-07-29,
977,4,11,14,3,Completed,63,100,2025-08-10,2025-11-13,2025-09-14
978,5,14,28,1,Completed,8,100,2025-07-31,2025-11-12,2025-08-16
979,5,15,3,3,Completed,63,100,2025-07-16,2025-11-12,2025-09-08
980,7,19,45,1,Open,6,0,2025-06-04,2025-09-12,
981,6,18,8,2,Completed,22,100,2025-11-25,2026-03-22,2025-12-28
982,8,24,9,3,In Progress,58,21,2025-10-05,2026-01-06,
983,7,19,9,3,In Progress,59,69,2025-06-08,2025-09-12,
984,10,29,28,1,In Progress,13,68,2025-05-10,2025-08-30,
985,7,20,13,2,In Progress,22,13,2025-05-21,2025-09-12,
986,5,13,41,2,Completed,27,100,2025-08-08,2025-11-12,2025-08-19
987,6,16,22,2,In Progress,24,13,2025-12-04,2026-03-22,
988,4,10,8,2,In Progress,29,71,2025-08-13,2025-11-13,
989,1,2,18,3,Completed,61,100,2025-11-09,2026-02-23,2025-12-30
990,3,7,26,3,Open,65,0,2025-05-20,2025-09-12,
991,2,4,3,3,Completed,62,100,2025-12-02,2026-03-05,2025-12-25
992,9,26,7,2,In Progress,22,15,2025-04-29,2025-07-29,
993,4,10,2,2,Completed,25,100,2025-08-12,2025-11-13,2025-09-22
994,6,18,50,2,Completed,29,100,2025-11-30,2026-03-22,2026-01-19
995,8,24,13,2,Completed,28,100,2025-10-01,2026-01-06,2025-11-07
996,7,21,8,1,In Progress,6,25,2025-05-20,2025-09-12,
997,1,2,38,2,In Progress,24,28,2025-11-16,2026-02-23,
998,7,20,50,3,In Progress,61,13,2025-06-04,2025-09-12,
999,7,20,41,2,Completed,29,100,2025-05-27,2025-09-12,2025-06-07
1000,10,28,41,2,Completed,22,100,2025-05-10,2025-08-30,2025-05-27
